typeCode,freqCode,refPeriodId,refYear,refMonth,period,reporterCode,reporterISO,reporterDesc,flowCode,flowDesc,partnerCode,partnerISO,partnerDesc,partner2Code,partner2ISO,partner2Desc,classificationCode,classificationSearchCode,isOriginalClassification,cmdCode,cmdDesc,aggrLevel,isLeaf,customsCode,customsDesc,mosCode,motCode,motDesc,qtyUnitCode,qtyUnitAbbr,qty,isQtyEstimated,altQtyUnitCode,altQtyUnitAbbr,altQty,isAltQtyEstimated,netWgt,isNetWgtEstimated,grossWgt,isGrossWgtEstimated,cifvalue,fobvalue,primaryValue,legacyEstimationFlag,isReported,isAggregate
C,A,20100101,2010,52,2010,156,,,M,,842,,,0,,,H3,HS,True,8542,,,,C00,,0,0,,-1,,,False,-1,,,False,853234.0,False,,False,7903767147.0,,7903767147.0,0,True,False
C,A,20110101,2011,52,2011,156,,,M,,842,,,0,,,H3,HS,True,8542,,,,C00,,0,0,,-1,,,False,-1,,,False,756823.0,False,,False,6368050147.0,,6368050147.0,0,True,False
C,A,20120101,2012,52,2012,156,,,M,,842,,,0,,,H4,HS,True,8542,,,,C00,,0,0,,-1,,,False,-1,,,False,704943.0,False,,False,7001486217.0,,7001486217.0,0,True,False
C,A,20130101,2013,52,2013,156,,,M,,842,,,0,,,H4,HS,True,8542,,,,C00,,0,0,,-1,,,False,-1,,,False,903804.0,False,,False,14203311548.0,,14203311548.0,0,True,False
C,A,20140101,2014,52,2014,156,,,M,,842,,,0,,,H4,HS,True,8542,,,,C00,,0,0,,-1,,,False,-1,,,False,,False,,False,11113787226.0,,11113787226.0,0,True,False
C,A,20150101,2015,52,2015,156,,,M,,842,,,56,,,H4,HS,True,8542,,,,C00,,0 ,0,,-1,,0.0,True,-1,,0.0,False,2512.0,False,,False,3992055.0,,3992055.0,0,False,True
C,A,20150101,2015,52,2015,156,,,M,,842,,,100,,,H4,HS,True,8542,,,,C00,,0 ,0,,-1,,0.0,True,-1,,0.0,False,1272.0,False,,False,1031775.0,,1031775.0,0,False,True
C,A,20150101,2015,52,2015,156,,,M,,842,,,203,,,H4,HS,True,8542,,,,C00,,0 ,0,,-1,,0.0,True,-1,,0.0,False,18.0,False,,False,60272.0,,60272.0,0,False,True
C,A,20150101,2015,52,2015,156,,,M,,842,,,372,,,H4,HS,True,8542,,,,C00,,0 ,0,,-1,,0.0,True,-1,,0.0,False,16.0,False,,False,40392.0,,40392.0,0,False,True
C,A,20150101,2015,52,2015,156,,,M,,842,,,428,,,H4,HS,True,8542,,,,C00,,0 ,0,,-1,,0.0,True,-1,,0.0,False,125.0,False,,False,35484.0,,35484.0,0,False,True
C,A,20150101,2015,52,2015,156,,,M,,842,,,458,,,H4,HS,True,8542,,,,C00,,0 ,0,,-1,,0.0,True,-1,,0.0,False,7690.0,False,,False,46310109.0,,46310109.0,0,False,True
C,A,20150101,2015,52,2015,156,,,M,,842,,,699,,,H4,HS,True,8542,,,,C00,,0 ,0,,-1,,0.0,True,-1,,0.0,False,125.0,False,,False,173112.0,,173112.0,0,False,True
C,A,20150101,2015,52,2015,156,,,M,,842,,,442,,,H4,HS,True,8542,,,,C00,,0 ,0,,-1,,0.0,True,-1,,0.0,False,5.0,False,,False,8371.0,,8371.0,0,False,True
C,A,20150101,2015,52,2015,156,,,M,,842,,,792,,,H4,HS,True,8542,,,,C00,,0 ,0,,-1,,0.0,True,-1,,0.0,False,5.0,False,,False,9496.0,,9496.0,0,False,True
C,A,20150101,2015,52,2015,156,,,M,,842,,,4,,,H4,HS,True,8542,,,,C00,,0 ,0,,-1,,0.0,True,-1,,0.0,False,4.0,False,,False,2360.0,,2360.0,0,False,True
C,A,20150101,2015,52,2015,156,,,M,,842,,,50,,,H4,HS,True,8542,,,,C00,,0 ,0,,-1,,0.0,True,-1,,0.0,False,2.0,False,,False,1000.0,,1000.0,0,False,True
C,A,20150101,2015,52,2015,156,,,M,,842,,,144,,,H4,HS,True,8542,,,,C00,,0 ,0,,-1,,0.0,True,-1,,0.0,False,2.0,False,,False,2448.0,,2448.0,0,False,True
C,A,20150101,2015,52,2015,156,,,M,,842,,,705,,,H4,HS,True,8542,,,,C00,,0 ,0,,-1,,0.0,True,-1,,0.0,False,2.0,False,,False,696.0,,696.0,0,False,True
C,A,20150101,2015,52,2015,156,,,M,,842,,,842,,,H4,HS,True,8542,,,,C00,,0 ,0,,-1,,0.0,True,-1,,0.0,False,226492.738,True,,False,4499808855.0,,4499808855.0,0,False,True
C,A,20150101,2015,52,2015,156,,,M,,842,,,36,,,H4,HS,True,8542,,,,C00,,0 ,0,,-1,,0.0,True,-1,,0.0,False,24.01,True,,False,58262.0,,58262.0,0,False,True
C,A,20150101,2015,52,2015,156,,,M,,842,,,124,,,H4,HS,True,8542,,,,C00,,0 ,0,,-1,,0.0,True,-1,,0.0,False,95.335,True,,False,497915.0,,497915.0,0,False,True
C,A,20150101,2015,52,2015,156,,,M,,842,,,251,,,H4,HS,True,8542,,,,C00,,0 ,0,,-1,,0.0,True,-1,,0.0,False,902.186,True,,False,977550.0,,977550.0,0,False,True
C,A,20150101,2015,52,2015,156,,,M,,842,,,360,,,H4,HS,True,8542,,,,C00,,0 ,0,,-1,,0.0,True,-1,,0.0,False,1.029,True,,False,1116.0,,1116.0,0,False,True
C,A,20150101,2015,52,2015,156,,,M,,842,,,410,,,H4,HS,True,8542,,,,C00,,0 ,0,,-1,,0.0,True,-1,,0.0,False,8770.973,True,,False,24661507.0,,24661507.0,0,False,True
C,A,20150101,2015,52,2015,156,,,M,,842,,,440,,,H4,HS,True,8542,,,,C00,,0 ,0,,-1,,0.0,True,-1,,0.0,False,7.733,True,,False,3094.0,,3094.0,0,False,True
C,A,20150101,2015,52,2015,156,,,M,,842,,,446,,,H4,HS,True,8542,,,,C00,,0 ,0,,-1,,0.0,True,-1,,0.0,False,298.204,True,,False,965137.0,,965137.0,0,False,True
C,A,20150101,2015,52,2015,156,,,M,,842,,,608,,,H4,HS,True,8542,,,,C00,,0 ,0,,-1,,0.0,True,-1,,0.0,False,20063.42,True,,False,168559558.0,,168559558.0,0,False,True
C,A,20150101,2015,52,2015,156,,,M,,842,,,616,,,H4,HS,True,8542,,,,C00,,0 ,0,,-1,,0.0,True,-1,,0.0,False,5.0,True,,False,79934.0,,79934.0,0,False,True
C,A,20150101,2015,52,2015,156,,,M,,842,,,642,,,H4,HS,True,8542,,,,C00,,0 ,0,,-1,,0.0,True,-1,,0.0,False,23.115,True,,False,37537.0,,37537.0,0,False,True
C,A,20150101,2015,52,2015,156,,,M,,842,,,702,,,H4,HS,True,8542,,,,C00,,0 ,0,,-1,,0.0,True,-1,,0.0,False,12492.396,True,,False,125428752.0,,125428752.0,0,False,True
C,A,20150101,2015,52,2015,156,,,M,,842,,,703,,,H4,HS,True,8542,,,,C00,,0 ,0,,-1,,0.0,True,-1,,0.0,False,1.216,True,,False,2010.0,,2010.0,0,False,True
C,A,20150101,2015,52,2015,156,,,M,,842,,,764,,,H4,HS,True,8542,,,,C00,,0 ,0,,-1,,0.0,True,-1,,0.0,False,2341.475,True,,False,12955013.0,,12955013.0,0,False,True
C,A,20150101,2015,52,2015,156,,,M,,842,,,784,,,H4,HS,True,8542,,,,C00,,0 ,0,,-1,,0.0,True,-1,,0.0,False,8.831,True,,False,26034.0,,26034.0,0,False,True
C,A,20150101,2015,52,2015,156,,,M,,842,,,826,,,H4,HS,True,8542,,,,C00,,0 ,0,,-1,,0.0,True,-1,,0.0,False,2189.502,True,,False,1881824.0,,1881824.0,0,False,True
C,A,20150101,2015,52,2015,156,,,M,,842,,,276,,,H4,HS,True,8542,,,,C00,,0 ,0,,-1,,0.0,True,-1,,0.0,False,6400.215,True,,False,35783709.0,,35783709.0,0,False,True
C,A,20150101,2015,52,2015,156,,,M,,842,,,344,,,H4,HS,True,8542,,,,C00,,0 ,0,,-1,,0.0,True,-1,,0.0,False,191136.452,True,,False,4173922690.0,,4173922690.0,0,False,True
C,A,20150101,2015,52,2015,156,,,M,,842,,,554,,,H4,HS,True,8542,,,,C00,,0 ,0,,-1,,0.0,True,-1,,0.0,False,1.0,False,,False,812.0,,812.0,0,False,True
C,A,20150101,2015,52,2015,156,,,M,,842,,,0,,,H4,HS,True,8542,,,,C00,,0 ,0,,-1,,0.0,True,-1,,0.0,False,636374.601,True,,False,11369627279.0,,11369627279.0,0,False,True
C,A,20150101,2015,52,2015,156,,,M,,842,,,40,,,H4,HS,True,8542,,,,C00,,0 ,0,,5,,45343.123,True,-1,,0.0,False,48.0,False,,False,40690.0,,40690.0,0,False,True
C,A,20150101,2015,52,2015,156,,,M,,842,,,76,,,H4,HS,True,8542,,,,C00,,0 ,0,,5,,145066.563,True,-1,,0.0,False,163.0,False,,False,253620.0,,253620.0,0,False,True
C,A,20150101,2015,52,2015,156,,,M,,842,,,246,,,H4,HS,True,8542,,,,C00,,0 ,0,,5,,913063.166,True,-1,,0.0,False,329.0,False,,False,933453.0,,933453.0,0,False,True
C,A,20150101,2015,52,2015,156,,,M,,842,,,710,,,H4,HS,True,8542,,,,C00,,0 ,0,,5,,30518.088,True,-1,,0.0,False,7.0,False,,False,41044.0,,41044.0,0,False,True
C,A,20150101,2015,52,2015,156,,,M,,842,,,752,,,H4,HS,True,8542,,,,C00,,0 ,0,,5,,307476.364,True,-1,,0.0,False,258.0,False,,False,481775.0,,481775.0,0,False,True
C,A,20150101,2015,52,2015,156,,,M,,842,,,188,,,H4,HS,True,8542,,,,C00,,0 ,0,,5,,30986.417,True,-1,,0.0,False,11.092,True,,False,41002.0,,41002.0,0,False,True
C,A,20150101,2015,52,2015,156,,,M,,842,,,208,,,H4,HS,True,8542,,,,C00,,0 ,0,,5,,352504.2,True,-1,,0.0,False,33.25,True,,False,247455.0,,247455.0,0,False,True
C,A,20150101,2015,52,2015,156,,,M,,842,,,233,,,H4,HS,True,8542,,,,C00,,0 ,0,,5,,454088.058,True,-1,,0.0,False,35.034,True,,False,409320.0,,409320.0,0,False,True
C,A,20150101,2015,52,2015,156,,,M,,842,,,348,,,H4,HS,True,8542,,,,C00,,0 ,0,,5,,13308.109,True,-1,,0.0,False,60.311,True,,False,17045.0,,17045.0,0,False,True
C,A,20150101,2015,52,2015,156,,,M,,842,,,376,,,H4,HS,True,8542,,,,C00,,0 ,0,,5,,442530212.778,True,-1,,0.0,False,11591.271,True,,False,1161365862.0,,1161365862.0,0,False,True
C,A,20150101,2015,52,2015,156,,,M,,842,,,392,,,H4,HS,True,8542,,,,C00,,0 ,0,,5,,12271797.268,True,-1,,0.0,False,5471.434,True,,False,20666529.0,,20666529.0,0,False,True
C,A,20150101,2015,52,2015,156,,,M,,842,,,484,,,H4,HS,True,8542,,,,C00,,0 ,0,,5,,660778.89,True,-1,,0.0,False,260.011,True,,False,800442.0,,800442.0,0,False,True
C,A,20150101,2015,52,2015,156,,,M,,842,,,490,,,H4,HS,True,8542,,,,C00,,0 ,0,,5,,485326785.331,True,-1,,0.0,False,113771.289,True,,False,1027808396.0,,1027808396.0,0,False,True
C,A,20150101,2015,52,2015,156,,,M,,842,,,528,,,H4,HS,True,8542,,,,C00,,0 ,0,,5,,25634935.26,True,-1,,0.0,False,20531.057,True,,False,57556157.0,,57556157.0,0,False,True
C,A,20150101,2015,52,2015,156,,,M,,842,,,579,,,H4,HS,True,8542,,,,C00,,0 ,0,,5,,12177.039,True,-1,,0.0,False,18.748,True,,False,23906.0,,23906.0,0,False,True
C,A,20150101,2015,52,2015,156,,,M,,842,,,704,,,H4,HS,True,8542,,,,C00,,0 ,0,,5,,314926.322,True,-1,,0.0,False,66.048,True,,False,458573.0,,458573.0,0,False,True
C,A,20150101,2015,52,2015,156,,,M,,842,,,724,,,H4,HS,True,8542,,,,C00,,0 ,0,,5,,534071.301,True,-1,,0.0,False,264.023,True,,False,534390.0,,534390.0,0,False,True
C,A,20150101,2015,52,2015,156,,,M,,842,,,757,,,H4,HS,True,8542,,,,C00,,0 ,0,,5,,182825.513,True,-1,,0.0,False,113.153,True,,False,411871.0,,411871.0,0,False,True
C,A,20150101,2015,52,2015,156,,,M,,842,,,380,,,H4,HS,True,8542,,,,C00,,0 ,0,,5,,247750.75,True,-1,,0.0,False,307.05,True,,False,215603.0,,215603.0,0,False,True
C,A,20150101,2015,52,2015,156,,,M,,842,,,586,,,H4,HS,True,8542,,,,C00,,0 ,0,,5,,167.831,True,-1,,0.0,False,2.0,False,,False,104.0,,104.0,0,False,True
C,A,20150101,2015,52,2015,156,,,M,,842,,,643,,,H4,HS,True,8542,,,,C00,,0 ,0,,-1,,0.0,True,-1,,0.0,False,1.0,False,,False,1163.0,,1163.0,0,False,True
C,A,20160101,2016,52,2016,156,,,M,,842,,,826,,,H4,HS,True,8542,,,,C00,,0,0,,-1,,0.0,True,-1,,0.0,False,1610.557,True,0.0,False,2947509.0,0.0,2947509.0,6,False,True
C,A,20160101,2016,52,2016,156,,,M,,842,,,608,,,H4,HS,True,8542,,,,C00,,0,0,,-1,,0.0,True,-1,,0.0,False,16154.823,True,0.0,False,145232619.0,0.0,145232619.0,6,False,True
C,A,20160101,2016,52,2016,156,,,M,,842,,,528,,,H4,HS,True,8542,,,,C00,,0,0,,-1,,0.0,True,-1,,0.0,False,19679.215,True,0.0,False,55382643.0,0.0,55382643.0,6,False,True
C,A,20160101,2016,52,2016,156,,,M,,842,,,246,,,H4,HS,True,8542,,,,C00,,0,0,,-1,,0.0,True,-1,,0.0,False,549.221,True,0.0,False,8322827.0,0.0,8322827.0,6,False,True
C,A,20160101,2016,52,2016,156,,,M,,842,,,410,,,H4,HS,True,8542,,,,C00,,0,0,,-1,,0.0,True,-1,,0.0,False,3684.063,True,0.0,False,30645807.0,0.0,30645807.0,6,False,True
C,A,20160101,2016,52,2016,156,,,M,,842,,,344,,,H4,HS,True,8542,,,,C00,,0,0,,-1,,0.0,True,-1,,0.0,False,161261.229,True,0.0,False,1757300731.0,0.0,1757300731.0,6,False,True
C,A,20160101,2016,52,2016,156,,,M,,842,,,124,,,H4,HS,True,8542,,,,C00,,0,0,,-1,,0.0,True,-1,,0.0,False,124.582,True,0.0,False,534384.0,0.0,534384.0,6,False,True
C,A,20160101,2016,52,2016,156,,,M,,842,,,458,,,H4,HS,True,8542,,,,C00,,0,0,,-1,,0.0,True,-1,,0.0,False,8141.694,True,0.0,False,62030373.0,0.0,62030373.0,6,False,True
C,A,20160101,2016,52,2016,156,,,M,,842,,,702,,,H4,HS,True,8542,,,,C00,,0,0,,-1,,0.0,True,-1,,0.0,False,12796.961,True,0.0,False,98233936.0,0.0,98233936.0,6,False,True
C,A,20160101,2016,52,2016,156,,,M,,842,,,704,,,H4,HS,True,8542,,,,C00,,0,0,,-1,,0.0,True,-1,,0.0,False,357.001,True,0.0,False,14320403.0,0.0,14320403.0,6,False,True
C,A,20160101,2016,52,2016,156,,,M,,842,,,422,,,H4,HS,True,8542,,,,C00,,0,0,,-1,,0.0,True,-1,,0.0,False,0.06,True,0.0,False,300.0,0.0,300.0,6,False,True
C,A,20160101,2016,52,2016,156,,,M,,842,,,616,,,H4,HS,True,8542,,,,C00,,0,0,,-1,,0.0,True,-1,,0.0,False,11.5,True,0.0,False,18348.0,0.0,18348.0,6,False,True
C,A,20160101,2016,52,2016,156,,,M,,842,,,554,,,H4,HS,True,8542,,,,C00,,0,0,,-1,,0.0,True,-1,,0.0,False,0.358,True,0.0,False,714.0,0.0,714.0,6,False,True
C,A,20160101,2016,52,2016,156,,,M,,842,,,446,,,H4,HS,True,8542,,,,C00,,0,0,,-1,,0.0,True,-1,,0.0,False,517.55,True,0.0,False,1078130.0,0.0,1078130.0,6,False,True
C,A,20160101,2016,52,2016,156,,,M,,842,,,784,,,H4,HS,True,8542,,,,C00,,0,0,,-1,,0.0,True,-1,,0.0,False,59.018,True,0.0,False,19256.0,0.0,19256.0,6,False,True
C,A,20160101,2016,52,2016,156,,,M,,842,,,440,,,H4,HS,True,8542,,,,C00,,0,0,,-1,,0.0,True,-1,,0.0,False,2.117,True,0.0,False,7385.0,0.0,7385.0,6,False,True
C,A,20160101,2016,52,2016,156,,,M,,842,,,792,,,H4,HS,True,8542,,,,C00,,0,0,,-1,,0.0,True,-1,,0.0,False,16.0,False,0.0,False,2229.0,0.0,2229.0,2,False,True
C,A,20160101,2016,52,2016,156,,,M,,842,,,710,,,H4,HS,True,8542,,,,C00,,0,0,,-1,,0.0,True,-1,,0.0,False,4.0,False,0.0,False,15481.0,0.0,15481.0,2,False,True
C,A,20160101,2016,52,2016,156,,,M,,842,,,470,,,H4,HS,True,8542,,,,C00,,0,0,,-1,,0.0,True,-1,,0.0,False,52.0,False,0.0,False,191130.0,0.0,191130.0,2,False,True
C,A,20160101,2016,52,2016,156,,,M,,842,,,428,,,H4,HS,True,8542,,,,C00,,0,0,,-1,,0.0,True,-1,,0.0,False,88.0,False,0.0,False,22347.0,0.0,22347.0,2,False,True
C,A,20160101,2016,52,2016,156,,,M,,842,,,882,,,H4,HS,True,8542,,,,C00,,0,0,,-1,,0.0,True,-1,,0.0,False,53.0,False,0.0,False,242055.0,0.0,242055.0,2,False,True
C,A,20160101,2016,52,2016,156,,,M,,842,,,788,,,H4,HS,True,8542,,,,C00,,0,0,,-1,,0.0,True,-1,,0.0,False,3.0,False,0.0,False,1444.0,0.0,1444.0,2,False,True
C,A,20160101,2016,52,2016,156,,,M,,842,,,372,,,H4,HS,True,8542,,,,C00,,0,0,,-1,,0.0,True,-1,,0.0,False,188.0,False,0.0,False,11497664.0,0.0,11497664.0,2,False,True
C,A,20160101,2016,52,2016,156,,,M,,842,,,156,,,H4,HS,True,8542,,,,C00,,0,0,,-1,,0.0,True,-1,,0.0,False,361357.0,False,0.0,False,7839909.0,0.0,7839909.0,2,False,True
C,A,20160101,2016,52,2016,156,,,M,,842,,,360,,,H4,HS,True,8542,,,,C00,,0,0,,-1,,0.0,True,-1,,0.0,False,1.0,False,0.0,False,2699.0,0.0,2699.0,2,False,True
C,A,20160101,2016,52,2016,156,,,M,,842,,,144,,,H4,HS,True,8542,,,,C00,,0,0,,-1,,0.0,True,-1,,0.0,False,4.0,False,0.0,False,12638.0,0.0,12638.0,2,False,True
C,A,20160101,2016,52,2016,156,,,M,,842,,,100,,,H4,HS,True,8542,,,,C00,,0,0,,-1,,0.0,True,-1,,0.0,False,2859.0,False,0.0,False,2586519.0,0.0,2586519.0,2,False,True
C,A,20160101,2016,52,2016,156,,,M,,842,,,579,,,H4,HS,True,8542,,,,C00,,0,0,,-1,,0.0,True,-1,,0.0,False,19.129,True,0.0,False,15994.0,0.0,15994.0,6,False,True
C,A,20160101,2016,52,2016,156,,,M,,842,,,842,,,H4,HS,True,8542,,,,C00,,0,0,,-1,,0.0,True,-1,,0.0,False,230848.995,True,0.0,False,4071185559.0,0.0,4071185559.0,6,False,True
C,A,20160101,2016,52,2016,156,,,M,,842,,,0,,,H4,HS,True,8542,,,,C00,,0,0,,-1,,0.0,True,-1,,0.0,False,0.0,True,0.0,False,8696121253.0,0.0,8696121253.0,6,False,True
C,A,20160101,2016,52,2016,156,,,M,,842,,,368,,,H4,HS,True,8542,,,,C00,,0,0,,8,,11.216,True,-1,,0.0,False,0.0,True,0.0,False,3000.0,0.0,3000.0,6,False,True
C,A,20160101,2016,52,2016,156,,,M,,842,,,251,,,H4,HS,True,8542,,,,C00,,0,0,,5,,483737.39,True,-1,,0.0,False,239.313,True,0.0,False,1230035.0,0.0,1230035.0,6,False,True
C,A,20160101,2016,52,2016,156,,,M,,842,,,699,,,H4,HS,True,8542,,,,C00,,0,0,,5,,56060.648,True,-1,,0.0,False,200.306,True,0.0,False,64365.0,0.0,64365.0,6,False,True
C,A,20160101,2016,52,2016,156,,,M,,842,,,490,,,H4,HS,True,8542,,,,C00,,0,0,,5,,95159950.576,True,-1,,0.0,False,16750.098,True,0.0,False,189551695.0,0.0,189551695.0,6,False,True
C,A,20160101,2016,52,2016,156,,,M,,842,,,757,,,H4,HS,True,8542,,,,C00,,0,0,,5,,554028.608,True,-1,,0.0,False,34.918,True,0.0,False,676006.0,0.0,676006.0,6,False,True
C,A,20160101,2016,52,2016,156,,,M,,842,,,752,,,H4,HS,True,8542,,,,C00,,0,0,,5,,1361548.92,True,-1,,0.0,False,1318.0,False,0.0,False,1548005.0,0.0,1548005.0,2,False,True
C,A,20160101,2016,52,2016,156,,,M,,842,,,586,,,H4,HS,True,8542,,,,C00,,0,0,,5,,157.658,True,-1,,0.0,False,1.0,False,0.0,False,100.0,0.0,100.0,2,False,True
C,A,20160101,2016,52,2016,156,,,M,,842,,,76,,,H4,HS,True,8542,,,,C00,,0,0,,5,,145298.349,True,-1,,0.0,False,46.0,False,0.0,False,126760.0,0.0,126760.0,2,False,True
C,A,20160101,2016,52,2016,156,,,M,,842,,,724,,,H4,HS,True,8542,,,,C00,,0,0,,5,,71864.139,True,-1,,0.0,False,138.0,False,0.0,False,82428.0,0.0,82428.0,2,False,True
C,A,20160101,2016,52,2016,156,,,M,,842,,,276,,,H4,HS,True,8542,,,,C00,,0,0,,5,,8188587.495,True,-1,,0.0,False,5176.058,True,0.0,False,17652344.0,0.0,17652344.0,6,False,True
C,A,20160101,2016,52,2016,156,,,M,,842,,,36,,,H4,HS,True,8542,,,,C00,,0,0,,5,,52607.796,True,-1,,0.0,False,89.246,True,0.0,False,69729.0,0.0,69729.0,6,False,True
C,A,20160101,2016,52,2016,156,,,M,,842,,,376,,,H4,HS,True,8542,,,,C00,,0,0,,5,,727011036.097,True,-1,,0.0,False,20358.974,True,0.0,False,2174768243.0,0.0,2174768243.0,6,False,True
C,A,20160101,2016,52,2016,156,,,M,,842,,,233,,,H4,HS,True,8542,,,,C00,,0,0,,5,,13546.844,True,-1,,0.0,False,8.17,True,0.0,False,13966.0,0.0,13966.0,6,False,True
C,A,20160101,2016,52,2016,156,,,M,,842,,,40,,,H4,HS,True,8542,,,,C00,,0,0,,5,,78838.013,True,-1,,0.0,False,43.039,True,0.0,False,220277.0,0.0,220277.0,6,False,True
C,A,20160101,2016,52,2016,156,,,M,,842,,,56,,,H4,HS,True,8542,,,,C00,,0,0,,5,,10750073.163,True,-1,,0.0,False,6036.03,True,0.0,False,9683790.0,0.0,9683790.0,6,False,True
C,A,20160101,2016,52,2016,156,,,M,,842,,,484,,,H4,HS,True,8542,,,,C00,,0,0,,5,,319123.507,True,-1,,0.0,False,283.095,True,0.0,False,630520.0,0.0,630520.0,6,False,True
C,A,20160101,2016,52,2016,156,,,M,,842,,,380,,,H4,HS,True,8542,,,,C00,,0,0,,5,,215933.117,True,-1,,0.0,False,101.144,True,0.0,False,187179.0,0.0,187179.0,6,False,True
C,A,20160101,2016,52,2016,156,,,M,,842,,,348,,,H4,HS,True,8542,,,,C00,,0,0,,5,,13816.81,True,-1,,0.0,False,9.89,True,0.0,False,19766.0,0.0,19766.0,6,False,True
C,A,20160101,2016,52,2016,156,,,M,,842,,,764,,,H4,HS,True,8542,,,,C00,,0,0,,5,,5205594.21,True,-1,,0.0,False,931.274,True,0.0,False,7713250.0,0.0,7713250.0,6,False,True
C,A,20160101,2016,52,2016,156,,,M,,842,,,392,,,H4,HS,True,8542,,,,C00,,0,0,,5,,12189150.996,True,-1,,0.0,False,3600.282,True,0.0,False,21526892.0,0.0,21526892.0,6,False,True
C,A,20160101,2016,52,2016,156,,,M,,842,,,188,,,H4,HS,True,8542,,,,C00,,0,0,,5,,24900.556,True,-1,,0.0,False,11.258,True,0.0,False,37045.0,0.0,37045.0,6,False,True
C,A,20160101,2016,52,2016,156,,,M,,842,,,642,,,H4,HS,True,8542,,,,C00,,0,0,,5,,37121.185,True,-1,,0.0,False,24.109,True,0.0,False,46633.0,0.0,46633.0,6,False,True
C,A,20160101,2016,52,2016,156,,,M,,842,,,208,,,H4,HS,True,8542,,,,C00,,0,0,,5,,863813.262,True,-1,,0.0,False,71.765,True,0.0,False,578192.0,0.0,578192.0,6,False,True
C,A,20170101,2017,52,2017,156,,,M,,842,,,40,,,H5,HS,True,8542,,,,C00,,0 ,0,,-1,,0.0,True,-1,,0.0,False,96.0,False,,False,529479.0,,529479.0,0,False,True
C,A,20170101,2017,52,2017,156,,,M,,842,,,56,,,H5,HS,True,8542,,,,C00,,0 ,0,,-1,,0.0,True,-1,,0.0,False,5977.0,False,,False,9489649.0,,9489649.0,0,False,True
C,A,20170101,2017,52,2017,156,,,M,,842,,,231,,,H5,HS,True,8542,,,,C00,,0 ,0,,-1,,0.0,True,-1,,0.0,False,1.0,False,,False,45677.0,,45677.0,0,False,True
C,A,20170101,2017,52,2017,156,,,M,,842,,,428,,,H5,HS,True,8542,,,,C00,,0 ,0,,-1,,0.0,True,-1,,0.0,False,38.0,False,,False,20757.0,,20757.0,0,False,True
C,A,20170101,2017,52,2017,156,,,M,,842,,,440,,,H5,HS,True,8542,,,,C00,,0 ,0,,-1,,0.0,True,-1,,0.0,False,1.0,False,,False,5472.0,,5472.0,0,False,True
C,A,20170101,2017,52,2017,156,,,M,,842,,,512,,,H5,HS,True,8542,,,,C00,,0 ,0,,-1,,0.0,True,-1,,0.0,False,2.0,False,,False,1641.0,,1641.0,0,False,True
C,A,20170101,2017,52,2017,156,,,M,,842,,,703,,,H5,HS,True,8542,,,,C00,,0 ,0,,-1,,0.0,True,-1,,0.0,False,3.0,False,,False,475.0,,475.0,0,False,True
C,A,20170101,2017,52,2017,156,,,M,,842,,,704,,,H5,HS,True,8542,,,,C00,,0 ,0,,-1,,0.0,True,-1,,0.0,False,191.0,False,,False,6866479.0,,6866479.0,0,False,True
C,A,20170101,2017,52,2017,156,,,M,,842,,,710,,,H5,HS,True,8542,,,,C00,,0 ,0,,-1,,0.0,True,-1,,0.0,False,7.0,False,,False,34298.0,,34298.0,0,False,True
C,A,20170101,2017,52,2017,156,,,M,,842,,,752,,,H5,HS,True,8542,,,,C00,,0 ,0,,-1,,0.0,True,-1,,0.0,False,1853.0,False,,False,2373659.0,,2373659.0,0,False,True
C,A,20170101,2017,52,2017,156,,,M,,842,,,792,,,H5,HS,True,8542,,,,C00,,0 ,0,,-1,,0.0,True,-1,,0.0,False,1.0,False,,False,77.0,,77.0,0,False,True
C,A,20170101,2017,52,2017,156,,,M,,842,,,36,,,H5,HS,True,8542,,,,C00,,0 ,0,,-1,,0.0,True,-1,,0.0,False,39.247,True,,False,133498.0,,133498.0,0,False,True
C,A,20170101,2017,52,2017,156,,,M,,842,,,76,,,H5,HS,True,8542,,,,C00,,0 ,0,,-1,,0.0,True,-1,,0.0,False,46.529,True,,False,216874.0,,216874.0,0,False,True
C,A,20170101,2017,52,2017,156,,,M,,842,,,100,,,H5,HS,True,8542,,,,C00,,0 ,0,,-1,,0.0,True,-1,,0.0,False,2669.087,True,,False,2776359.0,,2776359.0,0,False,True
C,A,20170101,2017,52,2017,156,,,M,,842,,,124,,,H5,HS,True,8542,,,,C00,,0 ,0,,-1,,0.0,True,-1,,0.0,False,268.002,True,,False,541450.0,,541450.0,0,False,True
C,A,20170101,2017,52,2017,156,,,M,,842,,,144,,,H5,HS,True,8542,,,,C00,,0 ,0,,-1,,0.0,True,-1,,0.0,False,3.292,True,,False,8226.0,,8226.0,0,False,True
C,A,20170101,2017,52,2017,156,,,M,,842,,,188,,,H5,HS,True,8542,,,,C00,,0 ,0,,-1,,0.0,True,-1,,0.0,False,4.804,True,,False,7198.0,,7198.0,0,False,True
C,A,20170101,2017,52,2017,156,,,M,,842,,,203,,,H5,HS,True,8542,,,,C00,,0 ,0,,-1,,0.0,True,-1,,0.0,False,1.007,True,,False,49.0,,49.0,0,False,True
C,A,20170101,2017,52,2017,156,,,M,,842,,,208,,,H5,HS,True,8542,,,,C00,,0 ,0,,-1,,0.0,True,-1,,0.0,False,107.312,True,,False,686506.0,,686506.0,0,False,True
C,A,20170101,2017,52,2017,156,,,M,,842,,,233,,,H5,HS,True,8542,,,,C00,,0 ,0,,-1,,0.0,True,-1,,0.0,False,34.177,True,,False,20788.0,,20788.0,0,False,True
C,A,20170101,2017,52,2017,156,,,M,,842,,,246,,,H5,HS,True,8542,,,,C00,,0 ,0,,-1,,0.0,True,-1,,0.0,False,97.175,True,,False,193366.0,,193366.0,0,False,True
C,A,20170101,2017,52,2017,156,,,M,,842,,,251,,,H5,HS,True,8542,,,,C00,,0 ,0,,-1,,0.0,True,-1,,0.0,False,371.128,True,,False,848393.0,,848393.0,0,False,True
C,A,20170101,2017,52,2017,156,,,M,,842,,,276,,,H5,HS,True,8542,,,,C00,,0 ,0,,-1,,0.0,True,-1,,0.0,False,8073.559,True,,False,332015200.0,,332015200.0,0,False,True
C,A,20170101,2017,52,2017,156,,,M,,842,,,300,,,H5,HS,True,8542,,,,C00,,0 ,0,,-1,,0.0,True,-1,,0.0,False,0.013,True,,False,65.0,,65.0,0,False,True
C,A,20170101,2017,52,2017,156,,,M,,842,,,344,,,H5,HS,True,8542,,,,C00,,0 ,0,,-1,,0.0,True,-1,,0.0,False,128243.531,True,,False,857739921.0,,857739921.0,0,False,True
C,A,20170101,2017,52,2017,156,,,M,,842,,,348,,,H5,HS,True,8542,,,,C00,,0 ,0,,-1,,0.0,True,-1,,0.0,False,379.037,True,,False,387464.0,,387464.0,0,False,True
C,A,20170101,2017,52,2017,156,,,M,,842,,,360,,,H5,HS,True,8542,,,,C00,,0 ,0,,-1,,0.0,True,-1,,0.0,False,0.058,True,,False,300.0,,300.0,0,False,True
C,A,20170101,2017,52,2017,156,,,M,,842,,,372,,,H5,HS,True,8542,,,,C00,,0 ,0,,-1,,0.0,True,-1,,0.0,False,1611.656,True,,False,110898996.0,,110898996.0,0,False,True
C,A,20170101,2017,52,2017,156,,,M,,842,,,376,,,H5,HS,True,8542,,,,C00,,0 ,0,,-1,,0.0,True,-1,,0.0,False,24634.143,True,,False,3331102692.0,,3331102692.0,0,False,True
C,A,20170101,2017,52,2017,156,,,M,,842,,,380,,,H5,HS,True,8542,,,,C00,,0 ,0,,-1,,0.0,True,-1,,0.0,False,59.123,True,,False,79942.0,,79942.0,0,False,True
C,A,20170101,2017,52,2017,156,,,M,,842,,,392,,,H5,HS,True,8542,,,,C00,,0 ,0,,-1,,0.0,True,-1,,0.0,False,1640.217,True,,False,22726351.0,,22726351.0,0,False,True
C,A,20170101,2017,52,2017,156,,,M,,842,,,410,,,H5,HS,True,8542,,,,C00,,0 ,0,,-1,,0.0,True,-1,,0.0,False,11688.639,True,,False,117586515.0,,117586515.0,0,False,True
C,A,20170101,2017,52,2017,156,,,M,,842,,,446,,,H5,HS,True,8542,,,,C00,,0 ,0,,-1,,0.0,True,-1,,0.0,False,313.515,True,,False,631560.0,,631560.0,0,False,True
C,A,20170101,2017,52,2017,156,,,M,,842,,,458,,,H5,HS,True,8542,,,,C00,,0 ,0,,-1,,0.0,True,-1,,0.0,False,9569.272,True,,False,69667670.0,,69667670.0,0,False,True
C,A,20170101,2017,52,2017,156,,,M,,842,,,484,,,H5,HS,True,8542,,,,C00,,0 ,0,,-1,,0.0,True,-1,,0.0,False,1759.011,True,,False,1281699.0,,1281699.0,0,False,True
C,A,20170101,2017,52,2017,156,,,M,,842,,,490,,,H5,HS,True,8542,,,,C00,,0 ,0,,-1,,0.0,True,-1,,0.0,False,27257.105,True,,False,296342619.0,,296342619.0,0,False,True
C,A,20170101,2017,52,2017,156,,,M,,842,,,528,,,H5,HS,True,8542,,,,C00,,0 ,0,,-1,,0.0,True,-1,,0.0,False,4486.108,True,,False,17428350.0,,17428350.0,0,False,True
C,A,20170101,2017,52,2017,156,,,M,,842,,,554,,,H5,HS,True,8542,,,,C00,,0 ,0,,-1,,0.0,True,-1,,0.0,False,0.007,True,,False,36.0,,36.0,0,False,True
C,A,20170101,2017,52,2017,156,,,M,,842,,,579,,,H5,HS,True,8542,,,,C00,,0 ,0,,-1,,0.0,True,-1,,0.0,False,14.213,True,,False,4122.0,,4122.0,0,False,True
C,A,20170101,2017,52,2017,156,,,M,,842,,,608,,,H5,HS,True,8542,,,,C00,,0 ,0,,-1,,0.0,True,-1,,0.0,False,23097.516,True,,False,173334021.0,,173334021.0,0,False,True
C,A,20170101,2017,52,2017,156,,,M,,842,,,616,,,H5,HS,True,8542,,,,C00,,0 ,0,,-1,,0.0,True,-1,,0.0,False,2002.603,True,,False,79522.0,,79522.0,0,False,True
C,A,20170101,2017,52,2017,156,,,M,,842,,,620,,,H5,HS,True,8542,,,,C00,,0 ,0,,-1,,0.0,True,-1,,0.0,False,0.085,True,,False,201.0,,201.0,0,False,True
C,A,20170101,2017,52,2017,156,,,M,,842,,,642,,,H5,HS,True,8542,,,,C00,,0 ,0,,-1,,0.0,True,-1,,0.0,False,87.003,True,,False,195096.0,,195096.0,0,False,True
C,A,20170101,2017,52,2017,156,,,M,,842,,,699,,,H5,HS,True,8542,,,,C00,,0 ,0,,-1,,0.0,True,-1,,0.0,False,29.696,True,,False,45306.0,,45306.0,0,False,True
C,A,20170101,2017,52,2017,156,,,M,,842,,,702,,,H5,HS,True,8542,,,,C00,,0 ,0,,-1,,0.0,True,-1,,0.0,False,13483.815,True,,False,111029274.0,,111029274.0,0,False,True
C,A,20170101,2017,52,2017,156,,,M,,842,,,705,,,H5,HS,True,8542,,,,C00,,0 ,0,,-1,,0.0,True,-1,,0.0,False,6.926,True,,False,26354.0,,26354.0,0,False,True
C,A,20170101,2017,52,2017,156,,,M,,842,,,724,,,H5,HS,True,8542,,,,C00,,0 ,0,,-1,,0.0,True,-1,,0.0,False,162.275,True,,False,71855.0,,71855.0,0,False,True
C,A,20170101,2017,52,2017,156,,,M,,842,,,757,,,H5,HS,True,8542,,,,C00,,0 ,0,,-1,,0.0,True,-1,,0.0,False,80.067,True,,False,194815.0,,194815.0,0,False,True
C,A,20170101,2017,52,2017,156,,,M,,842,,,764,,,H5,HS,True,8542,,,,C00,,0 ,0,,-1,,0.0,True,-1,,0.0,False,1016.422,True,,False,15601864.0,,15601864.0,0,False,True
C,A,20170101,2017,52,2017,156,,,M,,842,,,784,,,H5,HS,True,8542,,,,C00,,0 ,0,,-1,,0.0,True,-1,,0.0,False,6.053,True,,False,16344.0,,16344.0,0,False,True
C,A,20170101,2017,52,2017,156,,,M,,842,,,826,,,H5,HS,True,8542,,,,C00,,0 ,0,,-1,,0.0,True,-1,,0.0,False,2186.938,True,,False,3600183.0,,3600183.0,0,False,True
C,A,20170101,2017,52,2017,156,,,M,,842,,,882,,,H5,HS,True,8542,,,,C00,,0 ,0,,-1,,0.0,True,-1,,0.0,False,0.506,True,,False,2600.0,,2600.0,0,False,True
C,A,20170101,2017,52,2017,156,,,M,,842,,,842,,,H5,HS,True,8542,,,,C00,,0 ,0,,-1,,0.0,True,-1,,0.0,False,255258.014,True,,False,4724727060.0,,4724727060.0,0,False,True
C,A,20170101,2017,52,2017,156,,,M,,842,,,0,,,H5,HS,True,8542,,,,C00,,0 ,0,,-1,,0.0,True,-1,,0.0,False,528958.887,True,,False,10211618367.0,,10211618367.0,0,False,True
C,A,20180101,2018,52,2018,156,,,M,,842,,,0,,,H5,HS,True,8542,,,,C00,,0,0,,-1,,0.0,False,-1,,0.0,False,579004.012,True,0.0,False,12018316937.0,0.0,12018316937.0,4,False,True
C,A,20190101,2019,52,2019,156,,,M,,842,,,0,,,H5,HS,True,8542,,,,C00,,0,0,,-1,,0.0,False,-1,,0.0,False,564099.739,True,0.0,False,13571791401.0,0.0,13571791401.0,4,False,True
C,A,20200101,2020,52,2020,156,,,M,,842,,,0,,,H5,HS,True,8542,,,,C00,,0,0,,-1,,0.0,True,-1,,0.0,False,565387.265,True,0.0,False,14223455156.0,0.0,14223455156.0,6,False,True
C,A,20210101,2021,52,2021,156,,,M,,842,,,0,,,H5,HS,True,8542,,,,C00,,0,0,,-1,,0.0,False,-1,,0.0,False,607569.284,True,0.0,False,15734159486.0,,15734159486.0,4,False,True
C,A,20220101,2022,52,2022,156,,,M,,842,,,0,,,H6,HS,True,8542,,,,C00,,0,0,,-1,,0.0,True,-1,,0.0,False,559038.202,True,0.0,False,12181956717.0,,12181956717.0,6,False,True
C,A,20230101,2023,52,2023,156,,,M,,842,,,0,,,H6,HS,True,8542,,,,C00,,0,0,,-1,,0.0,True,-1,,0.0,False,431279.261,True,0.0,False,8306920666.0,,8306920666.0,6,False,True
C,A,20240101,2024,52,2024,156,,,M,,842,,,0,,,H6,HS,True,8542,,,,C00,,0,0,,-1,,0.0,False,-1,,0.0,False,450216.116,True,0.0,False,11754177020.0,,11754177020.0,4,False,True
